<application>
  <component name="FileTypeManager" version="17">
    <ignoreFiles list="*$py.class;*.hprof;*.pyc;*.pyo;*.rbc;*.yarb;*~;.DS_Store;.git;.hg;.svn;CVS;__pycache__;_svn;vssver.scc;vssver2.scc;" />
    <extensionMap>
      <mapping pattern="mnist_pars" type="PLAIN_TEXT" />
      <mapping pattern=".ideavimrc" type="PLAIN_TEXT" />
      <mapping ext="par" type="PLAIN_TEXT" />
      <mapping ext="npz" type="PLAIN_TEXT" />
      <mapping ext="ga" type="PLAIN_TEXT" />
      <mapping ext="mnist" type="PLAIN_TEXT" />
    </extensionMap>
  </component>
</application>