<profile version="1.0">
  <option name="myName" value="Default" />
  <inspection_tool class="PyBroadExceptionInspection" enabled="false" level="WEAK WARNING" enabled_by_default="false" />
  <inspection_tool class="PyPep8Inspection" enabled="true" level="WEAK WARNING" enabled_by_default="true">
    <option name="ignoredErrors">
      <list>
        <option value="E266" />
        <option value="E722" />
        <option value="E501" />
        <option value="E265" />
        <option value="E114" />
        <option value="E302" />
        <option value="E111" />
        <option value="E231" />
        <option value="E122" />
      </list>
    </option>
  </inspection_tool>
  <inspection_tool class="PyPep8NamingInspection" enabled="true" level="WEAK WARNING" enabled_by_default="true">
    <option name="ignoredErrors">
      <list>
        <option value="N806" />
        <option value="N802" />
      </list>
    </option>
  </inspection_tool>
  <inspection_tool class="PyShadowingBuiltinsInspection" enabled="true" level="WEAK WARNING" enabled_by_default="true">
    <option name="ignoredNames">
      <list>
        <option value="compile" />
      </list>
    </option>
  </inspection_tool>
  <inspection_tool class="PyTypeCheckerInspection" enabled="false" level="WARNING" enabled_by_default="false" />
  <inspection_tool class="PyUnboundLocalVariableInspection" enabled="false" level="WARNING" enabled_by_default="false" />
  <inspection_tool class="PyUnresolvedReferencesInspection" enabled="true" level="WARNING" enabled_by_default="true">
    <option name="ignoredIdentifiers">
      <list>
        <option value="molgen.ga.ml_ga.gadriver" />
        <option value="molgen.ga.gan_eval.*" />
        <option value="deap.base.Toolbox.clone" />
        <option value="deap.base.Toolbox.mate" />
        <option value="deap.base.Toolbox.mutate" />
        <option value="deap.base.Toolbox.*" />
        <option value="deap.creator.*" />
        <option value="molgen.ga.mnist_class.*" />
        <option value="molgen.ga.gan_ga.ml_utils" />
        <option value="molgen.ga.gan_ga.gadriver" />
        <option value="rdkit" />
        <option value="numbers.Number.__truediv__" />
        <option value="counterions_20200408.*" />
        <option value="meetings.models.Meeting.objects" />
        <option value="members.models.Profile.objects" />
        <option value="members.models.FilterSet.objects" />
        <option value="meetings.models.MeetingFile.objects" />
        <option value="django.db.models.fields.DateField.format" />
        <option value="members.models.ChildInfo.children" />
        <option value="django.db.models.fields.files.ImageField.path" />
        <option value="members.views.ProfileAccessMixin.model" />
        <option value="members.forms.FieldStyleMixin.visible_fields" />
        <option value="object.get_object" />
        <option value="members.views.SiteAccessMixin.request" />
        <option value="members.views.SiteAccessMixin.model" />
        <option value="members.views.SiteAccessMixin.object" />
        <option value="members.views.SiteAccessMixin.kwargs" />
        <option value="object.form_valid" />
        <option value="django.db.models.fields.related.ManyToManyField.all" />
        <option value="object.setup" />
        <option value="django.views.generic.base.ContextMixin.setup" />
        <option value="members.models.Profile.object" />
        <option value="members.models.Site.objects" />
        <option value="members.models.Chapter.objects" />
        <option value="members.tests.test_models.CreateProfilesMixin.sites" />
        <option value="members.models.Role.object" />
        <option value="str.value" />
        <option value="str.key" />
        <option value="learning.tests.test_views.TestLearningModelsView.programming1" />
        <option value="learning.tests.test_views.TestLearningModelsView.*" />
        <option value="learning.tests.test_views.TestLearningFiles.*" />
        <option value="django.db.models.fields.related.ForeignKey.profiles" />
        <option value="object.*" />
        <option value="learning.tests.test_models.TestModels.module1_1_1" />
        <option value="learning.tests.test_models.TestModels.theme1_1" />
        <option value="django.db.models.fields.related.ForeignKey.save" />
        <option value="dashboard.models.FileFieldMixin.pk" />
        <option value="dashboard.models.FileFieldMixin.files" />
        <option value="django.db.models.fields.related.ForeignKey.theme" />
        <option value="django.db.models.fields.related.ForeignKey.add_learning" />
        <option value="members.models.Profile.roles" />
        <option value="members.models.Profile.modules" />
        <option value="learning.models.ProfileModule.objects" />
      </list>
    </option>
  </inspection_tool>
</profile>